{"initial_reset_timestamp": 1559684912.746729, "timestamps": [1559684955.779466], "episode_lengths": [1442], "episode_rewards": [30.0], "episode_types": ["t"]}